CityId,X,Y
0,80.00429171423957,2702.4787232454596
1,81.40116449151937,3020.658211271535
2,256.1947286562129,2683.659401857201
3,231.34483691012906,3169.290337962526
4,395.3045406481081,2527.7581618735803
5,410.3889139885071,2689.588863041261
6,407.25031864569263,2870.044417594319
7,416.1346386706294,3171.316133867388
8,573.968612080665,2846.5366643200095
9,699.0276621597272,571.8310333891999
10,697.220787238913,735.2914775421423
11,699.0368446379837,885.7518868076417
12,720.2250124804079,1057.9182653409196
13,725.5487196152213,2202.73041610312
14,725.785214053439,2360.2011809881965
15,718.3559154078146,2852.28515627061
16,726.8051000359167,3031.90695045213
17,899.3210287810626,1076.4576047897474
18,898.7699213049939,2201.4795000630934
19,894.4056681745116,2366.048790132387
20,898.6746365401058,2524.745416366873
21,906.2784836345921,2691.097846054556
22,906.6641520402344,2842.46346764173
23,894.4150194430214,3013.3202114372834
24,901.0918893635401,3183.0924170188596
25,1062.6777561419306,1064.536546943599
26,1078.594728106966,1217.9712278506395
27,1054.2358929266575,1393.4324990765278
28,1067.6437988693128,2206.124764544556
29,1069.0249481306946,2370.175296852453
30,1069.3210213762727,2528.9098181565614
31,1058.97966182645,2680.322557699709
32,1067.3361254278304,2859.341572973524
33,1068.426461776253,3013.07327032809
34,1067.1980859545972,3332.3281256128757
35,1206.0205805541827,3338.9421809782107
36,1543.4031653190016,3320.012967885857
37,1699.097024602879,3325.8853310052473
38,1879.5446415549716,3317.548427739882
39,2026.088379927388,3338.861923271022
40,2211.6378491584865,1239.9936827154095
41,2192.2615995464575,3342.3460990123167
42,2360.2168267993225,408.75794458969193
43,2379.0050645302704,3323.057165530392
44,2544.0192508086925,735.0163236553168
45,2544.5946684570936,892.8667004846606
46,2531.8139479645283,3324.941611270685
47,2676.8867167140934,747.6802560769654
48,2690.2232304457266,3322.8801340262244
49,2859.6013849497645,552.1790658969921
50,2850.792665592812,3187.480102961533
51,2856.8154328678584,3321.9494163391946
52,3029.0858071184575,3186.5097719196933
53,3014.7697737465023,3332.5897448570786
54,3180.156403743507,3174.9301882924337
55,3172.02831991041,3324.9772948548048
56,3333.6101630448575,3171.0378463286356
57,3336.6465432459645,3330.476431972364
58,3508.122741452212,3322.462030220229
59,3683.987607094436,3326.491429394129
60,3826.207154888052,3326.3443238577415
61,4003.9721853384617,2035.454956181801
62,4006.465575985929,2526.50854411984
63,3993.63455877074,3330.9343634593197
64,4153.134748472641,2034.4305817846196
65,4160.698938260123,2533.476374891655
66,4171.6439604536445,3329.7035833600307
67,4354.609916271774,1220.3322805371042
68,4356.869578642485,1384.491794518162
69,4357.622969584534,1547.2801597907237
70,4328.294131678119,2033.2946085304493
71,4310.099474744154,2691.5103524986152
72,4323.640263723743,3024.903654581021
73,4313.757122558777,3167.7098513387346
74,4499.868187920971,2361.055884965748
75,4488.281315058577,2523.731189894387
76,4500.186844592329,2686.6846183310963
77,4482.14206938393,2853.955746392181
78,4499.028147531666,3023.271344556521
79,4484.074934314761,3188.7886063794567
80,4479.111266902369,3324.4594611018147
81,4972.1714910828505,3322.279294742126
82,5075.675236229477,77.24425520147146
83,5074.835587546351,245.233580734834
84,5075.700673087279,401.08265093412336
85,5066.045406006811,571.815894167539
86,5073.951900703567,724.8781426143413
87,5075.728349580581,881.7532847318915
88,5056.997016661836,1286.55186551943
89,5073.3106747552865,1405.0038221367897
90,5075.148985862126,1565.833874181867
91,5075.894345067707,1707.4073829429772
92,5075.374199450352,1893.2279724503585
93,5075.22145066278,2033.8008834099517
94,5076.215509252182,2203.4320236420012
95,5076.186934080543,2364.97254677002
96,5076.763890538879,2516.339138275422
97,5075.396963787765,2677.457382043009
98,5076.61614474578,2841.1846714045314
99,5077.9103237342915,3025.8334415464838
100,5076.32955453211,3180.1302619743306
101,5079.065157135351,3323.1397141853126
102,155.62518311781406,1515.18037268937
103,213.67872616706998,1841.744689166366
104,811.1658772045528,243.02374092936907
105,1158.508995349555,190.07468737417537
106,1494.7226142457198,185.65807801018292
107,1592.1399599864599,1859.2697006720728
108,3437.409659943073,843.9397370556837
109,3401.6042655665087,1125.3153981244268
110,3430.9431037968347,1484.6517942046835
111,3678.0014068492706,1485.7921949807005
112,4178.159456034715,103.44992989204776
113,4054.8157303046314,557.3083356995376
114,4114.910733256574,1571.3153120190202
115,3654.430478977282,87.10204318062972
116,4029.884865420281,1115.6229825965102
117,4808.771533464286,1876.4034585786737
118,4955.63371357885,1719.9764494578226
119,2204.611284292434,1546.1265452927016
120,2357.781873083978,268.92641991161304
121,2885.0554194226356,1053.5692684036394
122,1230.025955771052,2854.503118452105
123,1366.8278451760002,3025.9561012094896
124,2057.348390911498,220.11480318400203
125,3026.104184375542,77.63014544553232
126,3140.1544409734893,100.35029667468297
127,1385.2205167943318,1048.338374886768
128,2854.3645664285204,1241.1835278105686
129,3173.9394400323245,1385.8535450905879
130,3020.5228524178215,406.0198715893946
131,3119.1923518325248,399.0359815940052
132,3153.3763961330537,567.5575959334025
133,1858.2114609820119,398.6472053861932
134,1888.246633318424,589.8975556470161
135,2039.4457839102429,553.9981459638524
136,1231.684604051312,2691.5377257660434
137,1381.213223186546,2519.1616123890594
138,86.53542010274322,2363.5596722382093
139,83.6158217086068,2504.6217696454787
140,249.1275380845253,2360.972542255002
141,2531.4357804427964,393.6225565851483
142,2534.53298291855,573.2272442233027
143,2695.427953056462,424.51031048747245
144,2684.583043866288,559.0131904663516
145,3989.0863145834946,2197.2233724165717
146,4000.0746761352757,2365.5124233457796
147,4164.92323063082,2206.1022757931173
148,4158.141868514887,2355.366908392422
149,3393.685983734646,77.7436701068378
150,3386.075874663124,223.65932949048982
151,3468.0171939468323,76.12065604411656
152,3488.6691364294943,258.5410740677492
153,3005.4390610594314,734.9370144191515
154,3000.783730651674,885.89658517253
155,3173.0573150217406,727.0507917299279
156,3138.9545892060955,889.8235875465048
157,1554.0001707618542,1053.7617548717587
158,1546.8866858264403,1226.139852417179
159,1713.675609515313,1054.6425089030781
160,1710.7195274497597,1226.3700881414488
161,3001.0357813938394,1056.8398708882114
162,3024.5496530522764,1232.380799173402
163,3168.7735720261817,1076.016271273384
164,3161.526752030919,1206.1393038703422
165,1551.5815003748314,753.7246060343151
166,1704.5734882943989,731.3671191478536
167,1707.371931671392,915.5335847768323
168,3667.7734503846546,2037.237769280467
169,3668.003328314581,2202.28499675252
170,3830.7257179890908,2037.660621669277
171,3837.9381726189813,2190.5070237075565
172,753.2652084192879,1235.4320857140317
173,740.4005161334663,1380.5189706794554
174,884.9074692698275,1215.586917393535
175,910.6436056538574,1381.632420892997
176,3827.565909789882,2695.738302314096
177,3843.292440941765,2839.1525618727233
178,3992.92013718287,2689.8017127924545
179,3994.6147398501203,2846.3402891321616
180,879.2952565180921,724.3934027452668
181,874.7943998023424,885.8128609208326
182,1078.8179470492812,749.5209247374427
183,1056.768009150169,906.6620033421419
184,4003.8463866770153,3021.838271507411
185,3994.3032499521646,3166.3196929099286
186,4158.476374688437,3025.0884030149905
187,4148.921645288888,3179.933468804355
188,2723.408866697606,75.48794017467984
189,2754.1416532096246,234.0395299696142
190,2805.5222744591415,83.64180882162603
191,2818.9859279013576,244.87042670486827
192,875.8338071147331,406.03140214457585
193,890.9674567324778,576.5314636016349
194,1070.9721642410798,409.09315340960814
195,1033.3667423991833,561.2865804421347
196,3010.50768828504,1857.89743239674
197,3015.3690930079697,2027.8434093545768
198,3166.6246761524717,1874.6203373318992
199,3170.369094411276,2028.4198795153036
200,579.8531187578369,2541.063849808845
201,566.2056080964335,2692.6923268331993
202,717.6711757574668,2526.4615461144836
203,721.4547901907555,2681.7043747031526
204,1688.3523239289427,2032.7350079230587
205,1718.6041067498904,2200.6613902426907
206,1861.6103249442872,2041.3787345356777
207,1863.9038154652933,2207.040877438787
208,3173.1063664066173,1697.3932945443519
209,3166.6246761524717,1874.6203373318992
210,3346.4083850979227,1738.6700378277274
211,3362.0921582213623,1859.0740686270915
212,3188.7396649100892,2539.1849253450464
213,3176.4016677867467,2676.969653334442
214,3346.845190874023,2524.032562576337
215,3346.6292635930704,2692.1019245510543
216,2699.7339026724335,1871.5511209999938
217,2686.412846782575,2027.9815432356775
218,2847.7363702113876,1850.6733824210887
219,2861.3267696088456,2032.5378947858612
220,2358.411020268903,1710.1854236336694
221,2382.7098138196598,1868.3209529000176
222,2533.412420344238,1697.7198546572934
223,2521.157837013881,1869.9147377264778
224,3660.3992868327537,3014.259349486134
225,3662.3580142248657,3178.522239574574
226,3837.363801641658,3019.0046986811367
227,3825.809056961887,3194.0960956924305
228,67.04583566890167,2073.443575271007
229,76.70887061096008,2204.7658209541014
230,259.5760776329763,2055.267398491766
231,247.77814366724016,2208.2098945389266
232,1223.0136780871817,2205.8939310054334
233,1215.5901433600927,2368.5584885185244
234,1379.7781149383716,2195.084761827033
235,1378.9679979080513,2370.235684452647
236,2522.0854951077195,3020.241291084872
237,2520.458860371169,3186.403970876308
238,2690.4439186899026,3028.5591320927733
239,2694.391600822619,3181.587138172589
240,3179.8731307042012,2849.1768441684308
241,3192.344778005068,3027.780181745821
242,3352.3377149389466,2845.355364084784
243,3351.9633947460675,3028.8572492139324
244,4149.94581239319,1719.2053055078086
245,4152.287650670098,1902.4724929574302
246,4355.433525401646,1711.180864820506
247,4331.428538084608,1884.527784583228
248,3625.12975808357,471.3640041229391
249,3676.3522790925954,567.265401563904
250,3810.1089789439225,471.23190287511136
251,3812.5807114018426,588.2591171184423
252,3502.925584956093,2681.833030983135
253,3498.430953615194,2858.0121497563177
254,3695.6473992806627,2700.41753913625
255,3669.682334044243,2869.2076967525904
256,2195.905329794529,553.1087021985707
257,2183.8936991944643,728.0960914454214
258,2354.051985701711,551.9587884675847
259,2378.8668319023795,751.0757730981262
260,3017.5624398287932,2198.3434216267683
261,3012.0223523842196,2364.46741747128
262,3175.3254093510777,2214.946526461943
263,3175.009183636774,2363.256328637429
264,2843.5534874353816,2523.9765253228034
265,2849.5846488328316,2694.5402970621353
266,3013.363264915946,2539.1230803058515
267,3023.452140934121,2673.009012932019
268,4785.111937446617,1063.0316156700735
269,4781.499551808999,1243.9804278244667
270,4986.687080774026,1069.3063376811226
271,4979.924282460262,1240.340268862365
272,1866.0624431689198,1079.7090023724363
273,1876.8977393599944,1215.1912982242507
274,2027.5283785085458,1074.3594550611338
275,2029.6694965102959,1203.8845671622707
276,1532.029613829668,2683.501509181831
277,1535.2006434486543,2861.8989752904045
278,1713.3243850094066,2697.0653788003374
279,1710.5979807210517,2849.3704888324073
280,1546.0743093533831,2998.503604341668
281,1545.1330494285987,3181.9032458563647
282,1726.081265398138,3017.748197708067
283,1706.7731512986534,3197.3125687904367
284,2206.354331586702,2681.782639769161
285,2184.1341362319176,2854.156583120469
286,2364.40650857983,2696.5707860263487
287,2369.765770120699,2855.9994312293898
288,4837.692992104664,743.7530978501579
289,4797.2800051279755,897.9266074899667
290,4985.779022299072,735.6724961770819
291,4981.470422161086,884.3666362946236
292,3998.3429509560206,734.8224014174
293,4021.239839260736,948.859242013667
294,4093.7146416604987,758.5439070049708
295,4175.092005559983,861.3903027630863
296,1384.217254107022,2041.5801166681406
297,1379.7781149383716,2195.084761827033
298,1572.893978893064,2028.6504007325268
299,1544.516955819732,2197.7121655130163
300,3347.7916605352734,2369.124820284386
301,3346.845190874023,2524.032562576337
302,3516.245123743034,2370.114425641979
303,3516.7948351823716,2525.835104000003
304,1064.10071651411,1550.719544274445
305,1056.2173911119492,1663.7152048201272
306,1197.180551215826,1546.7857721558
307,1164.08394510696,1656.1867225836813
308,2648.604905112854,1507.8009429009378
309,2651.630940505225,1590.1326516648796
310,2728.1404018656144,1510.478325068023
311,2727.639128512661,1589.13110801144
312,2809.8727130903226,1674.5680079887175
313,2813.559040037556,1748.6526317416112
314,2896.8660981904163,1671.432395692614
315,2892.3519157732876,1752.4239393304367
316,1206.6251244649445,737.7236413776847
317,1241.8556035199822,910.0313486071591
318,1400.3543012854525,747.9419701533477
319,1395.989786964742,917.9225828290977
320,1857.7246104249955,3012.6943802470737
321,1869.1624057040765,3199.4904741746527
322,2039.6226369949,3009.797934176519
323,2025.0534413739772,3198.158936564918
324,2044.7875668146153,2047.725587303079
325,2046.0535995575976,2196.2425897524035
326,2205.1556218484616,2042.4962530508697
327,2193.1880799141163,2215.1441019631034
328,3666.20534493065,2356.9508477918002
329,3667.97676057728,2523.3336075319153
330,3824.54778406024,2367.2576051915953
331,3820.698869533086,2539.9417788627425
332,4816.341078057544,407.8790086278273
333,4800.232492627994,551.9689148510439
334,4982.818460813727,407.1562894746864
335,4980.4731718899,577.8141719964813
336,3505.0773159553382,1728.9026473639426
337,3500.8256863964725,1863.708394860282
338,3663.7627027526864,1711.11015669114
339,3672.9137451161314,1889.6354025433245
340,2521.868297273401,2699.8587474953756
341,2511.1431038364353,2837.9523770511064
342,2693.871119385547,2701.9637787015445
343,2687.606962959311,2841.2330315370896
344,1539.4012071737723,2375.1939486639603
345,1538.233926622171,2529.724134708088
346,1718.5776777046738,2363.7578657737017
347,1719.6337083249948,2523.418748287236
348,1871.236065749177,1423.5935813843766
349,1858.0321813137687,1495.5745646403016
350,2042.0401614519621,1422.169496594988
351,2034.6785477555559,1525.4678932549489
352,2811.8510059679616,1508.3447672296932
353,2813.369505304604,1589.303244577414
354,2892.494920993551,1509.8503873950867
355,2895.4697390667566,1590.365964463175
356,707.6984336648761,1541.878582032699
357,734.1615510788234,1673.4367912109783
358,910.9784004902209,1560.4256307648504
359,917.7160705706029,1659.058484640542
360,4275.403869974104,40.509327343772846
361,4281.920663683746,122.31806107950344
362,4361.714029483697,40.7737148094241
363,4359.481109064487,120.94998572130173
364,1872.2829858587766,2685.274012981468
365,1883.0268423976092,2863.06683920526
366,2037.3130267494328,2692.7164570661357
367,2039.2643482711142,2849.312291054689
368,401.8781876372838,2196.263917548451
369,402.14007865601144,2365.325649439204
370,571.4092918608366,2204.3685529652776
371,580.3379222083817,2351.320766241207
372,4811.01040164288,79.97268464868704
373,4822.998272347614,237.5829016489053
374,4972.98416668179,84.62073516887232
375,4976.854634717341,244.58224092178943
376,4280.598223036315,202.94045180818128
377,4284.586503105429,283.2720136568888
378,4360.470230474774,204.1483808182697
379,4360.716603746894,285.5414835721512
380,411.4481880326874,1525.419592688595
381,389.21569049916013,1712.2511730063513
382,582.3980666486016,1521.0924628379325
383,595.2778041267026,1687.9396350380557
384,1559.7382382761402,1432.381921577962
385,1547.6309223798683,1482.9705707033693
386,1710.6233699332602,1425.4288957528277
387,1709.2933388061326,1506.1416487989625
388,2198.0958856910324,2340.4354045611
389,2197.5679130741455,2540.6323981970495
390,2365.211848345874,2354.140497611676
391,2352.7277570449087,2535.067196365002
392,4770.741105574649,2973.7024966777935
393,4768.628979848654,3055.4933089182773
394,4849.5445451945525,2974.8805242029075
395,4847.409214298674,3054.280460666258
396,1863.0685796797577,2352.3550591487688
397,1874.0251827634997,2533.393496194892
398,2027.6082058187883,2360.3778792363205
399,2042.0407777946023,2516.9636436747737
400,2485.041850544297,1508.7190274117877
401,2491.5676657376657,1580.8942985773206
402,2565.682664910093,1508.1795670561685
403,2565.0701883128654,1590.0761218425957
404,1230.8128400166518,1384.4303928904274
405,1197.180551215826,1546.7857721558
406,1380.6685226809707,1399.3373111539458
407,1420.5032656800831,1481.8132937431399
408,4602.415005697158,2163.2076303567524
409,4604.792082991754,2239.004746976651
410,4683.949844016917,2160.5957288683067
411,4682.22746844326,2242.4742269171516
412,2486.6239990452545,1344.8403717066678
413,2484.8271420393617,1426.3501032551128
414,2565.7069442825996,1346.9663640035224
415,2568.5406685856447,1425.9383951669618
416,3340.7940252837443,2039.4658114555866
417,3350.8132295437445,2199.6738259401654
418,3500.1543034559772,2028.7642228634268
419,3505.2126474508605,2209.914692394102
420,4604.03738366259,2977.4930653493525
421,4606.13424180038,3057.402054108141
422,4688.90073912371,2978.171038333512
423,4688.255511210682,3055.547189268092
424,2331.8338338100675,1191.6087887726464
425,2322.773368589214,1261.9582538695738
426,2403.637148432928,1187.7548439579944
427,2402.208668019405,1268.6754606446382
428,4767.48080640204,2814.206352226804
429,4770.315107189178,2894.97354681495
430,4848.303484655486,2812.769385701213
431,4850.2939259623845,2891.4460652859398
432,2971.606516554126,1673.364489860513
433,2972.4340276528505,1753.296736614806
434,3051.271398344226,1663.1358269765785
435,3047.0067157800154,1757.0971841570158
436,4440.977926457129,1674.1476771886205
437,4440.679633483832,1751.7758169121323
438,4525.830367259211,1674.0389243571058
439,4520.44885175514,1750.3767879734849
440,3677.497023067074,1040.239360794787
441,3701.3104164238184,1225.29425423674
442,3796.7323766966647,1087.5016214238794
443,3778.999220243719,1187.905645311114
444,2852.3150739414828,2832.020398817351
445,2847.0962940701884,3030.295832796341
446,3014.372162616425,2839.8333293935434
447,3025.823982894865,3007.9775852252897
448,4285.634541996462,365.7342721200173
449,4289.5664063806535,451.8070585642591
450,4357.982840100503,364.66724299780674
451,4362.595174191488,445.96390220177585
452,2171.5211975047505,3008.932833782927
453,2208.7357662399477,3164.4976126337224
454,2376.405465449138,3010.828578127924
455,2365.8730175169376,3173.381437771686
456,4768.1985718066135,2648.7992508133752
457,4771.202771200799,2731.3291666185833
458,4848.69916151872,2650.5312686071966
459,4848.3851128626675,2731.857645202666
460,4768.5412862318535,3137.7829266796766
461,4763.137479640269,3216.93837255005
462,4844.397089050498,3137.8504699768087
463,4853.9509204273645,3219.5395863914096
464,4810.015059166937,1389.8402046522733
465,4794.5103126963595,1587.522236490896
466,4972.192057466736,1425.4445947678385
467,4986.636111837652,1572.3207811935943
468,2652.8219159217556,1671.2619579379705
469,2655.746658152307,1757.6690894773867
470,2728.6271660160874,1670.7079972670135
471,2736.347781796531,1748.5008964985711
472,2368.6015197339393,2040.379548724046
473,2359.853723925608,2190.946815691677
474,2517.5978907195586,2034.7326763508831
475,2521.34327163697,2212.8891295818717
476,4611.111773788394,2807.7582270050093
477,4606.671342028529,2890.6199266539884
478,4685.839796113079,2811.4375261250034
479,4684.295054120964,2890.389749142932
480,2684.851900680654,2203.66712193888
481,2696.2335501300026,2358.120080384379
482,2843.2007401663177,2212.596202171716
483,2838.177460533256,2366.6151337302886
484,4771.470265711721,2161.8607975993477
485,4766.537036779076,2239.1622915849784
486,4847.666662302624,2162.051358231363
487,4850.167748609174,2238.2928625545424
488,4606.998706793336,1832.692782726127
489,4599.058818477708,1917.8744998616562
490,4683.763221627033,1832.0573701229998
491,4688.389619322548,1916.8728731689366
492,4604.33344050616,1995.6135354093317
493,4601.2660272553785,2082.8676955234164
494,4685.333278242638,1994.7260507471115
495,4683.809996060056,2081.812065224265
496,4606.486284083749,2322.338914413484
497,4602.900426800111,2402.3448929098126
498,4683.498665916442,2323.5798359663786
499,4681.245491509264,2400.056239871327
500,4608.671218805445,2647.0210096049937
501,4606.426501803892,2730.217968201225
502,4685.338267148118,2649.57065580297
503,4685.278161031458,2731.058837055296
504,4933.110410869154,3134.2322823990194
505,4937.319970857422,3219.7301544989136
506,5011.735138027158,3138.35019329618
507,5008.3819532677635,3219.512257540171
508,530.1639557436812,1341.0172728022058
509,521.5112310165023,1429.4816689375155
510,610.0999201771155,1346.3270530818002
511,609.8294076945751,1424.125310601795
512,4602.059296818969,2481.6860451293765
513,4607.513191336087,2564.105437656788
514,4685.04157248511,2486.0526591782127
515,4686.482587722027,2568.3659242602525
516,2534.7291181397654,2364.6285187637673
517,2529.2710392399667,2516.0305636654707
518,2696.2335501300026,2358.120080384379
519,2682.247594505952,2519.883049984552
520,3374.4315408044745,412.500387658387
521,3334.1209721742757,557.0842176783536
522,3498.626572690292,401.1890529490714
523,3525.0639016291093,541.5346631713851
524,4927.581833107093,2159.6560121423636
525,4931.446481309582,2241.2985474053967
526,5013.306859927241,2162.5980021548057
527,5013.979814561666,2239.7848465333363
528,4445.435618921821,1993.0790117874608
529,4447.8050905271775,2075.330528921655
530,4526.704477381941,1993.8061745252674
531,4527.452905578458,2078.3397909963214
532,4769.450544312349,2482.3624643581
533,4770.116033860899,2564.3869963775996
534,4852.401543975029,2486.9304260142776
535,4852.29257003488,2568.1211485280437
536,80.10889483636086,1079.75155525842
537,48.04088817673656,1213.20541572401
538,271.1092032515354,1084.455728514105
539,266.88995430369647,1230.6385298691848
540,4440.445646380137,1830.8471376788154
541,4443.384384314833,1914.268281901466
542,4520.800124660813,1832.2576101148416
543,4525.653409344883,1914.9149174482893
544,2178.5327998119956,1345.881399605289
545,2172.593789152809,1412.4380005749595
546,2242.360310902093,1344.5025568482506
547,2246.33283661989,1417.7240552013875
548,1560.4339397282642,410.32145962964034
549,1548.4093756951318,586.9661168541844
550,1742.2120359139305,382.90548516889254
551,1711.0448228766625,576.5683976064962
552,4294.938602583363,526.0150841366425
553,4297.023675338286,610.2282588205117
554,4360.78675955448,529.7150851055721
555,4361.046835488161,610.1697641103956
556,4930.667857980651,2813.528030168887
557,4932.15523801627,2894.2841376661895
558,5008.246761044561,2813.1792365418373
559,5006.881422278666,2886.7823793512785
560,2327.665516122503,48.6817611182162
561,2319.079268409073,115.05869194310681
562,2402.8023042964605,45.92051804014947
563,2400.524935842299,108.9735933308627
564,4771.0835112673085,1998.2712076970722
565,4766.240220657367,2076.5812600047393
566,4849.783856067461,1998.6728708379683
567,4851.945698535055,2079.36365655144
568,202.0999558009679,3301.734431051444
569,205.47942258421543,3370.1965626782703
570,281.0982086255424,3307.319020465813
571,286.14678622341313,3369.880748629991
572,1343.2612449306982,3138.8010654605628
573,1346.569441217075,3221.0680071022025
574,1413.9529035493315,3140.5014562722754
575,1423.4239984296962,3223.171527458866
576,4603.631853852058,1671.262393263722
577,4603.475338805891,1753.6222674812798
578,4675.78074002026,1676.679055892437
579,4687.193794188026,1751.8825506139422
580,4439.644685934266,1346.4525684188218
581,4442.753055706988,1423.1973522507162
582,4518.031938501499,1347.1090514385703
583,4521.186087779162,1426.1994543065284
584,4608.893462300612,3296.4422602819054
585,4608.171152394116,3373.4432998811358
586,4687.955689693005,3306.2614639431918
587,4686.194512006505,3367.8489078093544
588,4928.501794049437,1994.9234608449278
589,4926.493525385342,2076.342885424936
590,5014.869259516646,1996.4569624758797
591,5014.682759657464,2076.587514918403
592,2328.51284044397,1492.8072917170828
593,2314.8439864452816,1585.760296252037
594,2405.389676915291,1507.4152313867376
595,2420.259828766629,1577.1460226915601
596,4770.361906389666,2324.1082255919832
597,4768.682898765874,2404.974542212315
598,4850.974636453581,2322.465506408923
599,4849.351595822054,2409.2266096257094
600,2511.770609976808,205.59612052691472
601,2493.5570039219474,287.55664214875844
602,2564.766517166546,201.75485975867736
603,2557.3073266860256,284.3406793547054
604,4928.533240163406,2976.647316831667
605,4929.851268516663,3054.275798778698
606,5006.37054673012,2985.785678189387
607,5012.621022023525,3057.0642812924725
608,201.04034657200114,2808.9504083765983
609,203.0153964567998,2888.4055915751665
610,285.1485800579588,2814.979982490081
611,285.340768562311,2888.6867960636505
612,1181.9408227284682,3140.284592408207
613,1183.135490779526,3215.9784110619594
614,1265.538627516827,3139.937411687504
615,1263.3188282983906,3217.381848500888
616,2022.8271298317118,1734.9621136571068
617,2004.0238678921226,1866.3131051040148
618,2226.000467837156,1719.97479028037
619,2208.9766740705913,1866.1231069900016
620,1877.5325454337114,756.9770675145154
621,1861.159438416241,883.292404016306
622,2032.6084907815266,734.5822444313153
623,2011.784632489436,910.2070770232767
624,4927.450741720018,2653.104140080482
625,4931.365860466197,2727.544276780421
626,5013.690718141944,2647.6910971552206
627,5009.739758956608,2733.231434186532
628,4922.875559466699,1838.3372446689525
629,4926.332438767723,1915.6844139638524
630,5024.0269676080125,1846.561591526752
631,5014.529800665947,1915.2185107997916
632,4438.003255542368,1508.2039351294022
633,4442.004190847026,1588.9771726527113
634,4522.429206540487,1508.8891449449952
635,4520.148299090106,1588.1439739263415
636,719.8686353236687,1893.2260014069666
637,735.0779229009053,2052.7232319075633
638,906.9285444942981,1906.9103725551806
639,897.0531758017812,2047.1786578462504
640,4763.999255975019,3300.6790083124247
641,4765.530674163532,3369.8861086581765
642,4852.236531032942,3300.2367363961703
643,4851.499957995933,3371.5521402982654
644,4930.123664491466,2323.3051627637283
645,4931.674398342234,2405.2830454490872
646,5012.9546137243115,2316.785039501291
647,5014.637550172755,2405.521711584262
648,75.0566788643781,719.4228353212699
649,84.72334961249312,874.822581892707
650,262.0187887813396,706.1828804140547
651,260.2300137298896,912.6314574303647
652,4440.977157825755,1019.2571926368902
653,4443.27234725638,1101.7867742488547
654,4523.339137529447,1020.8520157753736
655,4519.450092662449,1100.4155935204165
656,1194.6586687514096,415.8976879834399
657,1201.216876022997,558.9398427619225
658,1386.1923619874522,381.2674795955058
659,1385.3820188139441,568.4716309789342
660,1345.9668103848269,2814.8615412298027
661,1345.848953462748,2892.677680639365
662,1422.4667532811202,2812.9257796695447
663,1425.962408101115,2892.479777210776
664,2159.1621991838792,386.4315824710208
665,2161.1751766764396,443.58212220981835
666,2240.6741536021177,371.40736191024615
667,2240.167339119448,444.0216062088146
668,2812.5491319305042,856.343910579169
669,2801.059860888003,926.4706714893533
670,2889.859649728393,851.8205901415648
671,2902.0154227340495,938.7738660062383
672,42.359999250637614,3299.609673029394
673,43.54223825579807,3370.295463412629
674,124.75139180538285,3300.280745802616
675,122.81113220289843,3370.289086888439
676,2486.2852307019634,1193.6619117295238
677,2486.4956320941988,1265.981795897536
678,2563.176188111278,1186.658628326994
679,2566.161022819578,1265.5534407074088
680,4603.352872652185,1505.6318800370836
681,4604.820077265373,1589.7252677500303
682,4660.992470461216,1517.0457688183171
683,4668.07607976854,1592.4715420965615
684,4303.536376878227,852.6479731988395
685,4307.6818868531645,937.5206207606975
686,4361.816395375306,854.772339960491
687,4360.5784786558725,937.6983305255244
688,376.35411013829327,1177.5658881775
689,404.75677623823714,1280.8332157778518
690,451.76059181910347,1180.4245944766462
691,451.143652843517,1262.2088952938907
692,376.35818540223624,3308.0734855625583
693,371.9091697365191,3371.2011617889543
694,443.7394580968437,3306.052878093067
695,445.81216376107557,3368.9534086738136
696,524.963445116723,3141.551205526367
697,536.5708597500983,3213.7576054767983
698,613.7340079182915,3144.8275754691663
699,610.3508459800929,3221.2970901686067
700,535.981839648425,3307.141378762224
701,529.993937965282,3369.2159978977793
702,611.4532261469918,3298.8317296396467
703,606.5464135466173,3370.4479005421454
704,39.68789946468567,3140.909039189657
705,41.126227164542385,3221.6742564494
706,125.91881893486747,3138.1908695282714
707,124.71035449510858,3220.8980000194774
708,1186.2948582802837,2974.614388599352
709,1182.5363550036648,3058.291321862176
710,1256.486884380966,2975.6189957383294
711,1262.906457361626,3053.6951190536024
712,203.110040981423,2972.3231514083286
713,208.44829664344962,3053.4497710590304
714,289.957986876537,2975.8389715378808
715,287.81297436779374,3053.9676783549367
716,1021.0140816063725,3141.952915877561
717,1021.2632040868687,3224.6257223310804
718,1102.2631804962816,3140.736158591937
719,1096.7170058542342,3216.2348780008037
720,4114.195735817598,2809.4517075252265
721,4118.432517524379,2890.061299101039
722,4194.352343770494,2811.757837957888
723,4196.316101524344,2893.208283257759
724,1681.4958189617062,1727.2398612550385
725,1670.1631532694544,1881.6643056954224
726,1909.1229317095708,1739.0278339539766
727,1900.3244532034814,1866.620271804575
728,4440.227570846483,692.9055220652631
729,4437.205091783108,774.8395918666848
730,4519.621718589371,693.0755089054427
731,4521.483427912348,774.3740451345018
732,3655.2240690026015,743.3074118146916
733,3674.350026594169,879.1628706167311
734,3816.5392051677495,869.6106498390146
735,2808.554209263059,363.6348314539022
736,2811.791833107358,446.0889761193453
737,2871.187448804786,372.5436461922204
738,2882.6747224992105,458.2421769359586
739,4769.1660835999655,1671.9386661607207
740,4770.508862237917,1757.7369786773982
741,4854.382090142496,1674.6858571779542
742,4849.843340647358,1753.1510262592144
743,2650.044604570768,1014.5247846538437
744,2645.96226474786,1098.7697656698465
745,2726.0036875666265,1014.414177784443
746,2720.615658270205,1089.2561826799556
747,4605.7160845310045,1345.3351898855897
748,4602.356553213785,1425.7821908632163
749,4651.792310517464,1341.856193570069
750,4657.982552535768,1429.8338486689606
751,1347.1969024317027,3299.906078024122
752,1346.1467852616126,3367.6589085058154
753,1424.7747453398674,3298.6689561067883
754,1421.9166940647897,3366.3169024536487
755,4299.616025636096,694.7284867014068
756,4300.975517163507,767.4674715433172
757,4357.4334549240575,693.3804072243634
758,4361.481586322534,774.348015960813
759,142.2577385557314,177.08746768348064
760,148.3985707657332,450.71489101051264
761,501.9496227313349,219.59823322228092
762,516.0707508887575,406.23181080688215
763,526.5867323253935,1181.0821081941513
764,528.6053411935802,1262.5461408660778
765,606.6188493544761,1185.6560797059983
766,610.5099478630522,1262.2078139879325
767,2237.3578848556594,915.0524322903325
768,2200.6434940331033,1101.973215469347
769,2374.6621688361956,891.9145426851808
770,2384.496049947,1065.1100214695912
771,4598.878422634079,855.268951678278
772,4608.161932911092,935.4489147242413
773,4692.893825022451,860.687005962307
774,4693.494947646721,911.4682450973205
775,696.054527190939,3138.34655364177
776,693.2255371489117,3214.398613353662
777,765.0016777539652,3143.469013389808
778,770.6113946007604,3217.905409921129
779,4604.67373410897,1184.8103365649984
780,4606.67587794562,1262.8752706332177
781,4646.4711687236095,1212.9483801012534
782,4651.30616380636,1269.5128276402008
783,396.9121686549162,1004.6998134843941
784,406.53385174438745,1098.480551327145
785,450.5225645293021,1020.673544570032
786,452.4014668267673,1102.5345612114443
787,1348.3151363860468,1178.4343515681971
788,1347.648457352459,1265.102315819747
789,1427.630242229436,1183.1019139440348
790,1428.7179861572763,1262.8116329212494
791,2828.231656967752,698.2719209065095
792,2808.633970835221,780.6128364573052
793,2891.331962058942,688.2259209174192
794,2894.864787702623,777.9265065161135
795,1725.3918096757484,62.84125029260455
796,1711.4099758808886,282.14318672529635
797,1908.7942307813232,56.235257954644744
798,1869.771404302637,267.8760098208363
799,1188.513702125261,1026.5082768763448
800,1184.622635752142,1100.3142245525828
801,1248.2203962571043,1022.9793481150417
802,1249.927270574566,1098.7903554964612
803,2481.1510785425053,36.51585424014882
804,2492.2968383525144,117.27022932577874
805,2575.197486091472,38.85429658385628
806,2571.859748080383,121.30077118574437
807,4442.313055889333,1183.6589422291559
808,4443.608663023469,1261.9908097108953
809,4522.434746693242,1182.8023845341418
810,4519.426844993481,1263.6404394086837
811,408.8336339794974,729.689817627167
812,447.633045209114,949.4248361867006
813,595.2477264990903,736.8667051584723
814,581.0773392682794,905.0787594526001
815,2322.817583619028,1344.973515103309
816,2321.120973050207,1425.6913751650843
817,2402.1894937971188,1343.728974184956
818,2402.4671248004356,1426.9195330642783
819,1065.2573212955317,1921.5100569353663
820,1066.46565115291,2043.152743521715
821,1236.7027115959925,1922.6484807620634
822,1219.4022303063712,2042.2021004507903
823,529.3207684459013,2971.0960656681405
824,530.6327361514378,3051.606762814596
825,600.0076248097381,2981.6891035914628
826,611.5638426172968,3053.4264793820016
827,1508.9423162602284,868.6252549852406
828,1505.8828144405416,934.0514931663313
829,1575.015505420005,859.4829519618413
830,1574.9883891073396,943.2330260938801
831,4440.514572716776,855.4949247444
832,4441.180814407488,936.4419392084312
833,4526.945277713986,855.494902211995
834,4522.228556611031,939.2869730197556
835,3133.642596184553,1516.145239853015
836,3137.4893852656814,1589.7637213226503
837,3213.7682513128952,1507.8830845476784
838,3211.3913733557397,1597.0736634616326
839,3815.408848390507,1718.3144532291508
840,3823.1615332479146,1892.5492188324336
841,3991.8536223358838,1703.9117898284996
842,4012.846481302739,1912.4977707658327
843,4438.878258751686,38.64571427115355
844,4441.629731305283,120.66777692512238
845,4522.431150927714,40.20636501884904
846,4524.68337529247,122.41211095610537
847,4119.607915842224,2647.3730944223767
848,4117.54983408469,2731.6328973263517
849,4195.496124011598,2649.2998011085374
850,4197.195793044393,2727.09072560231
851,4605.199291754925,3129.7982183072495
852,4607.85583760554,3232.4209921063343
853,4688.747122606836,3137.0719585486763
854,4691.384001040033,3219.112119767129
855,2160.4765749544194,194.61203330220366
856,2160.7421131703704,299.3133828303302
857,2238.23218131881,198.68080420624406
858,2244.034658440467,287.5615723968637
859,4440.753986615432,530.0743230248539
860,4440.085765130779,611.1008975121512
861,4522.4703634557545,528.4221456841892
862,4522.14498732671,609.3633680271748
863,529.9971536298698,1028.6284818512893
864,528.9478955962963,1100.4893249412044
865,609.9907992667393,1031.5228308296448
866,600.0308201904558,1098.1065633320204
867,1999.0561119893669,40.336407133457215
868,1997.7961182008798,115.4555245311361
869,2074.6491176943205,37.84345984205568
870,2082.9922386132544,129.38473985473485
871,395.55430403215615,1354.8700928882577
872,396.4596028781234,1420.1845384260366
873,446.96758634464646,1341.8021947577643
874,442.9814942048542,1429.4276268542724
875,4923.012735628067,2488.172853057127
876,4921.19175631658,2565.7144470770963
877,5014.054436458187,2481.081058768942
878,5011.108553084475,2573.17734062051
879,4600.074625154618,1019.3140376481491
880,4603.69777732986,1099.4130824798501
881,4603.69777732987,1099.4130824798521
882,4718.461327589187,1084.20300864058
883,4586.350186267866,529.1309519440473
884,4590.646958610463,611.1190414946932
885,4676.947982865427,543.021440723991
886,4683.425043522317,622.5371532547217
887,3466.8327025112967,3136.530367516506
888,3464.505038797723,3216.5306676183463
889,3544.540428112302,3134.7681424022617
890,3542.2968922236832,3213.674628757146
891,4444.2106813754035,2160.3479546907897
892,4440.7098508658,2240.509040252568
893,4525.096598894933,2160.041644047873
894,4527.152196868794,2238.806940939143
895,4593.398465080225,695.3855877253652
896,4597.964461753356,772.8846900673319
897,4688.574364433337,689.249142833162
898,4692.7939337944035,764.0221891718187
899,698.0720957188873,376.05525007611465
900,698.8956868854859,446.5617829997059
901,763.4181386666171,370.05713691486693
902,750.3863534385778,438.07663595390994
903,4280.400389419675,2809.863355883562
904,4281.578775639563,2890.71247001619
905,4357.99554247927,2810.482424995893
906,4358.89970462421,2892.4384142822714
907,2981.6322704007025,203.3495197986905
908,2979.4125264811187,285.7139160470039
909,3056.058272832073,204.2350870990414
910,3054.888515906398,284.9894064560972
911,4309.27556926268,1017.0395760938036
912,4310.256072891236,1102.9339532143522
913,4360.980319781198,1017.0335601354167
914,4358.7888257036975,1100.9666741074877
915,4583.498457624378,202.8676875507913
916,4585.151435167282,286.59175002028877
917,4672.898037305806,199.97889292984655
918,4699.147234921159,283.919723044854
919,4440.005296472039,203.76219160613974
920,4435.8003278739725,283.5470581170761
921,4521.622460362252,203.9632601437908
922,4522.694601182989,283.85846876555877
923,4278.2732725167725,2161.297287847153
924,4269.321205316078,2239.919024348087
925,4357.711292954737,2158.1165656882736
926,4366.106005620974,2239.934203832647
927,4277.905882317581,2483.0956768347432
928,4275.962102657335,2564.7215909762194
929,4357.85170592378,2481.637392725207
930,4359.969197135305,2567.4738520681235
931,2653.189686782464,860.1177853519742
932,2649.4779973821746,936.8507246742724
933,2729.5304413225626,855.4813807428848
934,2731.8263953584305,938.6066854463763
935,2163.5072124301273,35.03846950489649
936,2161.1706767780406,124.03993807458947
937,2238.2715474085694,46.22529333634848
938,2239.2759280350524,119.7908729196188
939,2495.7711431923394,1015.3171685423971
940,2493.791113052203,1101.5348938333443
941,2567.839402457169,1022.2827204767789
942,2567.5265209604686,1100.659024780545
943,430.0025827931043,1909.1179350317084
944,412.1849150046115,2053.0105466778255
945,569.9137803781922,1884.3544177324384
946,563.1747188280945,2049.702418921878
947,3122.1985782894812,203.42585780511646
948,3125.0752263704376,285.16511369165966
949,3190.622443049766,230.6817376413215
950,3215.661330651189,280.7924405220271
951,2979.914704600653,519.8501151677563
952,2981.1363781552186,612.8567333868798
953,3049.9739764035253,526.7046792817265
954,3040.1037164710933,608.1872510308712
955,2975.9755095095834,1348.1075556005826
956,2970.801021258181,1427.8882943973392
957,3039.5321244862557,1347.8276022270138
958,3044.619037931123,1420.7338255084032
959,211.35949310885692,2480.3263859115173
960,203.0918554217709,2563.2031437826
961,284.9340204059185,2484.4089508293227
962,289.99517761516324,2563.771393303192
963,4582.540425634848,43.45440404098253
964,4582.497166563916,124.80187598192506
965,4684.168072931993,31.923495895506367
966,4679.028578397536,130.95115409485365
967,2646.3830188409447,1347.146106865734
968,2647.6574715843367,1427.6039759337664
969,2727.677949423884,1345.4990820300861
970,2728.487077160419,1429.8290895543605
971,1996.0975205864422,370.2515181866828
972,1995.366212388169,443.3110654796128
973,2073.2328362173357,385.06109004701585
974,2078.737129860809,442.02014260717203
975,3464.753741949357,2971.79024972689
976,3465.903099297901,3058.5161748342666
977,3543.2920958749237,2974.845491486307
978,3544.438647573045,3056.733756913972
979,2812.3240993524314,1346.8611947488027
980,2811.6780829293884,1430.771247690545
981,2892.9155883146764,1349.5349046404033
982,2891.2546706154467,1429.7090700892563
983,1181.956136284789,1185.4611508814978
984,1180.4323363197434,1258.021509535259
985,1264.592294864926,1180.9627215655526
986,1263.9406665191088,1263.276722352715
987,690.3421911943947,3300.245597083366
988,693.9954345524731,3368.630251328401
989,774.2275005847663,3302.3621356343388
990,775.7176567051782,3369.107625940345
991,1183.252242298972,2485.8858589490937
992,1180.8806084979374,2571.2742913163374
993,1258.5229696159838,2482.57829550675
994,1254.7381372567295,2568.938457281516
995,4586.599291368088,366.5024714547784
996,4590.127505660057,448.3022189293065
997,4681.783991193892,360.07507588428894
998,4677.202248173281,460.4128298245025
999,854.8122709799115,3305.136996850994
1000,855.0966534659738,3367.9378224451275
1001,929.6034951240911,3292.666677695408
1002,933.3265093468656,3374.0575915626546
1003,2645.3224151241957,1188.6169669250576
1004,2645.386119870763,1266.5050715329771
1005,2726.5072154353693,1185.376468272587
1006,2726.6492322515087,1265.6631103249556
1007,1341.3926484378085,2654.3036489601495
1008,1342.4880393628216,2730.1298068428327
1009,1431.0870492991253,2652.9815417278337
1010,1423.1331803736823,2728.86863843087
1011,4275.175448486769,3297.22874046718
1012,4274.889622916659,3376.9436915608253
1013,4369.063357268887,3302.4434683553472
1014,4360.168271777056,3368.7421090246025
1015,4440.849524810969,365.3702455651731
1016,4442.927291204685,447.4523532194473
1017,4523.288166062819,365.06578286306967
1018,4521.29208988931,447.24774765556566
1019,360.655634249972,2968.084482057075
1020,362.771274584958,3062.0275408072957
1021,447.4720364929857,2971.343604415669
1022,449.7729673462331,3063.080999927465
1023,4278.564141533018,2323.2117345892593
1024,4280.6382718205305,2406.5700919224005
1025,4365.32674247883,2321.36219864862
1026,4365.031852247049,2405.57303126294
1027,2976.162494196525,1510.3359275912815
1028,2975.5324233322585,1593.532510468781
1029,3052.7066845258128,1515.8798892501848
1030,3062.480405737369,1587.3920835613483
1031,3801.8113721779396,685.3866487507844
1032,3808.977877450853,775.7605046566144
1033,3868.396419455787,691.463033030729
1034,3861.2140299194416,774.2252275294192
1035,45.463165812969606,2810.6232126860914
1036,49.384137019772034,2888.766095899039
1037,121.0040137959244,2808.2357547160304
1038,121.05400758923307,2895.48615074274
0,80.00429171423957,2702.4787232454596